{
  "tolerances": { "model_tolerance": 0.001 },
  "version_number": 1,
  "breps": [
    {
      "brep_id": 1,
      "faces": [
        {
          "brep_id": 2,
          "swapped_surface_normal": false,
          "surface": {
            "is_trimmed": true,
            "is_rational": false,
            "degrees": [ 2, 2 ],
            "knot_vectors": [
              [ 0, 0, 0, 0.11722944800141252, 0.23374798730730872, 0.46663405152021242, 1, 1, 1 ],
              [ 0, 0, 0, 0.53336594854306518, 0.76625201288252409, 0.88277055237825275, 1, 1, 1 ]
            ],
            "control_points": [
              [
                1,
                [ 1.14398764, 1.1963, 0.000319689475, 1 ]
              ],
              [
                2,
                [ 1.1439958002339079, 1.1963289246711051, 0.000319682430589021, 1 ]
              ],
              [
                3,
                [ 1.1440118400915873, 1.1963858351509125, 0.00030923786809405185, 1 ]
              ],
              [
                4,
                [ 1.1440348797157671, 1.1964669945746513, 0.00027911331280360441, 1 ]
              ],
              [
                5,
                [ 1.1440768770922707, 1.1966161567498694, 0.00014508891091623017, 1 ]
              ],
              [
                6,
                [ 1.144078016, 1.196619749, 0, 1 ]
              ],
              [
                7,
                [ 1.1446764202520949, 1.196300000000001, 0.00023443373496369541, 1 ]
              ],
              [
                8,
                [ 1.1446433769840805, 1.1963259987298849, 0.00022592412513638307, 1 ]
              ],
              [
                9,
                [ 1.1445773213432064, 1.1963772786715969, 0.00020130763462682357, 1 ]
              ],
              [
                10,
                [ 1.1444778950612926, 1.1964510643167148, 0.00015386912782814054, 1 ]
              ],
              [
                11,
                [ 1.1442535965474763, 1.1965917420315333, -1.2207068534640718E-09, 1 ]
              ],
              [
                12,
                [ 1.1440768668183288, 1.1966161595257852, -0.00014509057554724279, 1 ]
              ],
              [
                13,
                [ 1.1456659458414971, 1.196299999999999, 0.00011195238310564155, 1 ]
              ],
              [
                14,
                [ 1.145571343563506, 1.196313354335149, 9.55893774818987E-05, 1 ]
              ],
              [
                15,
                [ 1.1453826317616973, 1.1963397146659978, 5.9309922426391866E-05, 1 ]
              ],
              [
                16,
                [ 1.145100218886671, 1.1963777486631406, -2.323736045174474E-09, 1 ]
              ],
              [
                17,
                [ 1.1444778944251062, 1.1964510647715618, -0.00015387457673648615, 1 ]
              ],
              [
                18,
                [ 1.1440348739419237, 1.1964669965205448, -0.00027911994832705608, 1 ]
              ],
              [
                19,
                [ 1.1461171613564165, 1.1963000000000004, 5.6101895924314524E-05, 1 ]
              ],
              [
                20,
                [ 1.145994260571261, 1.1963068182585841, 3.7974472425156638E-05, 1 ]
              ],
              [
                21,
                [ 1.1457491637423209, 1.196320279450219, -8.83285960754423E-10, 1 ]
              ],
              [
                22,
                [ 1.1453826306147776, 1.1963397149870958, -5.9312849442451224E-05, 1 ]
              ],
              [
                23,
                [ 1.1445773186223704, 1.19637727957193, -0.00020131161743265364, 1 ]
              ],
              [
                24,
                [ 1.1440118339224705, 1.1963858370429981, -0.00030924290088429272, 1 ]
              ],
              [
                25,
                [ 1.146419019767013, 1.1963000000000004, 1.8738510282368219E-05, 1 ]
              ],
              [
                26,
                [ 1.1462771506654268, 1.1963022924256592, -1.383214388416264E-10, 1 ]
              ],
              [
                27,
                [ 1.1459942592446752, 1.1963068186253754, -3.7975181514310765E-05, 1 ]
              ],
              [
                28,
                [ 1.1455713405337158, 1.1963133551743395, -9.5590592547335551E-05, 1 ]
              ],
              [
                29,
                [ 1.144643370533091, 1.1963260005633258, -0.00022592595249840396, 1 ]
              ],
              [
                30,
                [ 1.1439957906156379, 1.19632892739321, -0.00031968478939485247, 1 ]
              ],
              [
                31,
                [ 1.146570408, 1.1963, 0, 1 ]
              ],
              [
                32,
                [ 1.1464190197665216, 1.1963000000000004, -1.873851034305571E-05, 1 ]
              ],
              [
                33,
                [ 1.1461171613556809, 1.1963000000000001, -5.6101896015345765E-05, 1 ]
              ],
              [
                34,
                [ 1.1456659458411711, 1.1963000000000001, -0.00011195238314609993, 1 ]
              ],
              [
                35,
                [ 1.144676420252011, 1.1962999999999995, -0.00023443373497380971, 1 ]
              ],
              [
                36,
                [ 1.14398764, 1.1963, -0.000319689475, 1 ]
              ]
            ]
          },
          "boundary_loops": [
            {
              "loop_type": "outer",
              "trimming_curves": [
                {
                  "trim_index": 0,
                  "curve_direction": true,
                  "parameter_curve": {
                    "is_rational": false,
                    "degree": 1,
                    "knot_vector": [ -31.6067874, -31.6067874, -15.8033937, -15.8033937 ],
                    "active_range": [ -31.6067874, -15.8033937 ],
                    "control_points": [
                      [
                        37,
                        [ 0, 0, 0, 1 ]
                      ],
                      [
                        38,
                        [ 1, 0, 0, 1 ]
                      ]
                    ]
                  }
                },
                {
                  "trim_index": 1,
                  "curve_direction": true,
                  "parameter_curve": {
                    "is_rational": false,
                    "degree": 1,
                    "knot_vector": [ -15.8033937, -15.8033937, 0, 0 ],
                    "active_range": [ -15.8033937, 0 ],
                    "control_points": [
                      [
                        39,
                        [ 1, 0, 0, 1 ]
                      ],
                      [
                        40,
                        [ 1, 1, 0, 1 ]
                      ]
                    ]
                  }
                },
                {
                  "trim_index": 2,
                  "curve_direction": true,
                  "parameter_curve": {
                    "is_rational": false,
                    "degree": 1,
                    "knot_vector": [ -31.6067874, -31.6067874, -15.8033937, -15.8033937 ],
                    "active_range": [ -31.6067874, -15.8033937 ],
                    "control_points": [
                      [
                        41,
                        [ 1, 1, 0, 1 ]
                      ],
                      [
                        42,
                        [ 0, 1, 0, 1 ]
                      ]
                    ]
                  }
                },
                {
                  "trim_index": 3,
                  "curve_direction": true,