{
  "tolerances": { "model_tolerance": 0.001 },
  "version_number": 1,
  "breps": [
    {
      "brep_id": 1,
      "faces": [
        {
          "brep_id": 2,
          "swapped_surface_normal": false,
          "surface": {
            "is_trimmed": true,
            "is_rational": false,
            "degrees": [ 2, 2 ],
            "knot_vectors": [
              [ 0, 0, 0, 1, 1, 1 ],
              [ 0, 0, 0, 0.0076456923809784276, 0.014756931506821825, 0.023062044272499058, 0.030874911227064181, 0.048278238213657482, 0.065948576897925243, 0.091005326418043847, 0.12630632852566542, 0.25490083119370172, 0.38370118607895271, 0.508855188419844, 0.74938924253621442, 0.86502032922176086, 0.93685382522142779, 1, 1, 1 ]
            ],
            "control_points": [
              [
                1,
                [ 0, 0, 0, 1 ]
              ],
              [
                2,
                [ 0.34532799599999997, 0.59815, 0, 1 ]
              ],
              [
                3,
                [ 0.69065599199999994, 1.1963, 0, 1 ]
              ],
              [
                4,
                [ 4.6094800668489947E-05, 0, 0.0031873888588150657, 1 ]
              ],
              [
                5,
                [ 0.34536400826152891, 0.59815, 0.0024900644125631513, 1 ]
              ],
              [
                6,
                [ 0.69068192140423545, 1.1963, 0.0017928470728369793, 1 ]
              ],
              [
                7,
                [ 0.0028046071362332137, 0, 0.0086477060107237221, 1 ]
              ],
              [
                8,
                [ 0.34751911763203325, 0.59814999999999985, 0.0067561481930407284, 1 ]
              ],
              [
                9,
                [ 0.69223362825414658, 1.1962999999999997, 0.0048645325327969814, 1 ]
              ],
              [
                10,
                [ 0.007160888650854496, 0, 0.013261152662970893, 1 ]
              ],
              [
                11,
                [ 0.35092249755521376, 0.59815000000000029, 0.010360370063930278, 1 ]
              ],
              [
                12,
                [ 0.69468410643693312, 1.1963000000000006, 0.0074595988756398224, 1 ]
              ],
              [
                13,
                [ 0.012722956279869633, 0, 0.016863434483007488, 1 ]
              ],
              [
                14,
                [ 0.35526790758178711, 0.59814999999999974, 0.013174694661166138, 1 ]
              ],
              [
                15,
                [ 0.69781285868659393, 1.1962999999999995, 0.0094859533317104682, 1 ]
              ],
              [
                16,
                [ 0.022318370153851894, 0, 0.020757613773048661, 1 ]
              ],
              [
                17,
                [ 0.36276440129453047, 0.59815, 0.016217051477366868, 1 ]
              ],
              [
                18,
                [ 0.70321043245099513, 1.1963, 0.011676489560004744, 1 ]
              ],
              [
                19,
                [ 0.036469898243077122, 0, 0.02336482403295434, 1 ]
              ],
              [
                20,
                [ 0.37382039594740973, 0.59815000000000018, 0.018253955653729979, 1 ]
              ],
              [
                21,
                [ 0.7111708935414659, 1.1963000000000004, 0.013143087372441988, 1 ]
              ],
              [
                22,
                [ 0.053759413801321224, 0, 0.025984342125390976, 1 ]
              ],
              [
                23,
                [ 0.38732796830769617, 0.59815, 0.020300475156789507, 1 ]
              ],
              [
                24,
                [ 0.7208965227009152, 1.1963, 0.014616608245242441, 1 ]
              ],
              [
                25,
                [ 0.078274878246453655, 0, 0.029085392493983321, 1 ]
              ],
              [
                26,
                [ 0.4064808710458232, 0.59815000000000007, 0.022723195554012435, 1 ]
              ],
              [
                27,
                [ 0.73468686387153959, 1.1963000000000001, 0.016360998696623739, 1 ]
              ],
              [
                28,
                [ 0.14509340728578024, 0, 0.035284000492462581, 1 ]
              ],
              [
                29,
                [ 0.45868338157054528, 0.59814999999999952, 0.027565907581004669, 1 ]
              ],
              [
                30,
                [ 0.77227335573712608, 1.196299999999999, 0.01984781482194951, 1 ]
              ],
              [
                31,
                [ 0.25040361169612918, 0, 0.039367149587927648, 1 ]
              ],
              [
                32,
                [ 0.54095782142891191, 0.59815000000000018, 0.030755900501719394, 1 ]
              ],
              [
                33,
                [ 0.83151203121353312, 1.1963000000000004, 0.022144651547983792, 1 ]
              ],
              [
                34,
                [ 0.35437869132611288, 0, 0.039501137246445134, 1 ]
              ],
              [
                35,
                [ 0.62218918454091277, 0.59815, 0.030860579491327273, 1 ]
              ],
              [
                36,
                [ 0.88999967755468368, 1.1963, 0.022220021805806855, 1 ]
              ],
              [
                37,
                [ 0.5039355299261592, 0, 0.032476639408050581, 1 ]
              ],
              [
                38,
                [ 0.73903166115340557, 0.59814999999999974, 0.025372631880006269, 1 ]
              ],
              [
                39,
                [ 0.97412779263596283, 1.1962999999999995, 0.018268626864013319, 1 ]
              ],
              [
                40,
                [ 0.64912313185363479, 0, 0.018865757697498479, 1 ]
              ],
              [
                41,
                [ 0.85246063731268606, 0.59815000000000007, 0.014739024367037581, 1 ]
              ],
              [
                42,
                [ 1.0557981424740883, 1.1963000000000001, 0.010612290831171985, 1 ]
              ],
              [
                43,
                [ 0.72541105725097488, 0, 0.010553811779698757, 1 ]
              ],
              [
                44,
                [ 0.91206118927402924, 0.59815000000000007, 0.0082452497579200718, 1 ]
              ],
              [
                45,
                [ 1.0987113217028468, 1.1963000000000001, 0.0059366878807624529, 1 ]
              ],
              [
                46,
                [ 0.78024577481809065, 0, 0.0037391547938981891, 1 ]
              ],
              [
                47,
                [ 0.95490125154957983, 0.59815, 0.0029212463662652991, 1 ]
              ],
              [
                48,
                [ 1.1295567282185746, 1.1963, 0.0021033361999892169, 1 ]
              ],
              [
                49,
                [ 0.8059, 0, 0.00056832068000000008, 1 ]
              ],
              [
                50,
                [ 0.97494382000000013, 0.59815, 0.00044400507750000004, 1 ]
              ],
              [
                51,
                [ 1.14398764, 1.1963, 0.000319689475, 1 ]
              ]
            ]
          },
          "boundary_loops": [
            {
              "loop_type": "outer",
              "trimming_curves": [
                {
                  "trim_index": 0,
                  "curve_direction": true,
                  "parameter_curve": {
                    "is_rational": false,
                    "degree": 1,
                    "knot_vector": [ 0, 0, 1.33579, 1.33579 ],
                    "active_range": [ 0, 1.33579 ],