{
  "tolerances": { "model_tolerance": 0.001 },
  "version_number": 1,
  "breps": [
    {
      "brep_id": 1,
      "faces": [
        {
          "brep_id": 2,
          "swapped_surface_normal": false,
          "surface": {
            "is_trimmed": true,
            "is_rational": false,
            "degrees": [ 1, 1 ],
            "knot_vectors": [
              [ 0, 0, 0.59375, 1.1875, 1.78125, 2.375, 2.375 ],
              [ 0, 0, 0.5, 1, 1 ]
            ],
            "control_points": [
              [
                101,
                [ 1.125, 0, 0, 1 ]
              ],
              [
                102,
                [ 1.71875, 0, 0, 1 ]
              ],
              [
                103,
                [ 2.3125, 0, 0, 1 ]
              ],
              [
                104,
                [ 2.90625, 0, 0, 1 ]
              ],
              [
                105,
                [ 3.5, 0, 0, 1 ]
              ],
              [
                106,
                [ 1.125, 0.5, 0, 1 ]
              ],
              [
                107,
                [ 1.71875, 0.5, 0, 1 ]
              ],
              [
                108,
                [ 2.3125, 0.5, 0, 1 ]
              ],
              [
                109,
                [ 2.90625, 0.5, 0, 1 ]
              ],
              [
                110,
                [ 3.5, 0.5, 0, 1 ]
              ],
              [
                111,
                [ 1.125, 1, 0, 1 ]
              ],
              [
                112,
                [ 1.71875, 1, 0, 1 ]
              ],
              [
                113,
                [ 2.3125, 1, 0, 1 ]
              ],
              [
                114,
                [ 2.90625, 1, 0, 1 ]
              ],
              [
                115,
                [ 3.5, 1, 0, 1 ]
              ]
            ]
          },
          "boundary_loops": [
            {
              "loop_type": "outer",
              "trimming_curves": [
                {
                  "trim_index": 0,
                  "curve_direction": true,
                  "parameter_curve": {
                    "is_rational": false,
                    "degree": 1,
                    "knot_vector": [ 0.875, 0.875, 2.375, 2.375 ],
                    "active_range": [ 0.875, 2.375 ],
                    "control_points": [
                      [
                        16,
                        [ 0.875, 0, 0, 1 ]
                      ],
                      [
                        17,
                        [ 2.375, 0, 0, 1 ]
                      ]
                    ]
                  }
                },
                {
                  "trim_index": 1,
                  "curve_direction": true,
                  "parameter_curve": {
                    "is_rational": false,
                    "degree": 1,
                    "knot_vector": [ 0, 0, 1, 1 ],
                    "active_range": [ 0, 1 ],
                    "control_points": [
                      [
                        18,
                        [ 2.375, 0, 0, 1 ]
                      ],
                      [
                        19,
                        [ 2.375, 1, 0, 1 ]
                      ]
                    ]
                  }
                },
                {
                  "trim_index": 2,
                  "curve_direction": true,
                  "parameter_curve": {
                    "is_rational": false,
                    "degree": 1,
                    "knot_vector": [ 0, 0, 1.5, 1.5 ],
                    "active_range": [ 0, 1.5 ],
                    "control_points": [
                      [
                        20,
                        [ 2.375, 1, 0, 1 ]
                      ],
                      [
                        21,
                        [ 0.875, 1, 0, 1 ]
                      ]
                    ]
                  }
                },
                {
                  "trim_index": 3,
                  "curve_direction": true,
                  "parameter_curve": {
                    "is_rational": false,
                    "degree": 1,
                    "knot_vector": [ -1, -1, 0, 0 ],
                    "active_range": [ -1, 0 ],
                    "control_points": [
                      [
                        22,
                        [ 0.875, 1, 0, 1 ]
                      ],
                      [
                        23,
                        [ 0.875, 0, 0, 1 ]
                      ]
                    ]
                  }
                }
              ]
            }
          ],
          "embedded_loops": [],
          "embedded_edges": [],
          "embedded_points": []
        }
      ],
      "edges": [
        {
          "brep_id": 3,
          "3d_curve": {
            "degree": 1,
            "knot_vector": [ 0, 0, 0.5, 1, 1 ],
            "active_range": [ 0, 1 ],
            "control_points": [
              [
                24,
                [ 3.5, 0, 0, 1 ]
              ],
              [
                25,
                [ 3.5, 0.5, 0, 1 ]
              ],
              [
                26,
                [ 3.5, 1, 0, 1 ]
              ]
            ]
          },
          "topology": [
            {
              "brep_id": 2,
              "trim_index": 0,
              "relative_direction": true
            }
          ]
        },
        {
          "brep_id": 4,
          "3d_curve": {
            "degree": 1,
            "knot_vector": [ -2.375, -2.375, -1.78125, -1.1875, -0.87500000000000011, -0.87500000000000011 ],
            "active_range": [ -2.375, -0.87500000000000011 ],
            "control_points": [
              [
                27,
                [ 3.5, 1, 0, 1 ]
              ],
              [
                28,
                [ 2.90625, 1, 0, 1 ]
              ],
              [
                29,
                [ 2.3125, 1, 0, 1 ]
              ],
              [
                30,
                [ 2, 1, 0, 1 ]
              ]
            ]
          },
          "topology": [
            {
              "brep_id": 2,
              "trim_index": 1,
              "relative_direction": true
            }
          ]
        },
        {
          "brep_id": 5,
          "3d_curve": {
            "degree": 1,
            "knot_vector": [ 0, 0, 0.5, 1, 1 ],
            "active_range": [ 0, 1 ],
            "control_points": [
              [
                31,
                [ 2, 0, 0, 1 ]
              ],
              [
                32,
                [ 2, 0.5, 0, 1 ]
              ],
              [
                33,
                [ 2, 1, 0, 1 ]
              ]
            ]
          },
          "topology": [
            {
              "brep_id": 2,
              "trim_index": 2,
              "relative_direction": true
            }
          ]
        },
        {
          "brep_id": 6,
          "3d_curve": {
            "degree": 1,
            "knot_vector": [ 0.875, 0.875, 1.1875, 1.78125, 2.375, 2.375 ],
            "active_range": [ 0.875, 2.375 ],
            "control_points": [
              [
                34,
                [ 2, 0, 0, 1 ]
              ],
              [
                35,
                [ 2.3125, 0, 0, 1 ]
              ],
              [
                36,
                [ 2.90625, 0, 0, 1 ]
              ],
              [
                37,
                [ 3.5, 0, 0, 1 ]
              ]
            ]
          },
          "topology": [
            {
              "brep_id": 2,
              "trim_index": 3,