{
  "tolerances": { "model_tolerance": 0.001 },
  "version_number": 1,
  "breps": [
    {
      "brep_id": 1,
      "faces": [
        {
          "brep_id": 2,
          "swapped_surface_normal": false,
          "surface": {
            "is_trimmed": true,
            "is_rational": false,
            "degrees": [ 2, 2 ],
            "knot_vectors": [
              [ 0, 0, 0, 0.7, 1.4, 2.0999999999999996, 2.8, 2.8, 2.8 ],
              [ 0, 0, 0, 0.25, 0.5, 0.75, 1, 1, 1 ]
            ],
            "control_points": [
              [
                1,
                [ 4, 0, 0, 1 ]
              ],
              [
                2,
                [ 4.35, 0, 0, 1 ]
              ],
              [
                3,
                [ 5.0500000000000007, 0, 0, 1 ]
              ],
              [
                4,
                [ 5.75, 0, 0, 1 ]
              ],
              [
                5,
                [ 6.4499999999999993, 0, 0, 1 ]
              ],
              [
                6,
                [ 6.8, 0, 0, 1 ]
              ],
              [
                7,
                [ 4, 0.125, 0, 1 ]
              ],
              [
                8,
                [ 4.35, 0.125, 0, 1 ]
              ],
              [
                9,
                [ 5.0500000000000007, 0.125, 0, 1 ]
              ],
              [
                10,
                [ 5.75, 0.125, 0, 1 ]
              ],
              [
                11,
                [ 6.4499999999999993, 0.125, 0, 1 ]
              ],
              [
                12,
                [ 6.7999999999999989, 0.125, 0, 1 ]
              ],
              [
                13,
                [ 4, 0.375, 0, 1 ]
              ],
              [
                14,
                [ 4.35, 0.375, 0, 1 ]
              ],
              [
                15,
                [ 5.0500000000000007, 0.375, 0, 1 ]
              ],
              [
                16,
                [ 5.75, 0.375, 0, 1 ]
              ],
              [
                17,
                [ 6.4499999999999993, 0.375, 0, 1 ]
              ],
              [
                18,
                [ 6.7999999999999989, 0.375, 0, 1 ]
              ],
              [
                19,
                [ 4, 0.625, 0, 1 ]
              ],
              [
                20,
                [ 4.35, 0.625, 0, 1 ]
              ],
              [
                21,
                [ 5.0500000000000007, 0.625, 0, 1 ]
              ],
              [
                22,
                [ 5.75, 0.625, 0, 1 ]
              ],
              [
                23,
                [ 6.4499999999999993, 0.625, 0, 1 ]
              ],
              [
                24,
                [ 6.7999999999999989, 0.625, 0, 1 ]
              ],
              [
                25,
                [ 4, 0.875, 0, 1 ]
              ],
              [
                26,
                [ 4.35, 0.875, 0, 1 ]
              ],
              [
                27,
                [ 5.0500000000000007, 0.875, 0, 1 ]
              ],
              [
                28,
                [ 5.75, 0.875, 0, 1 ]
              ],
              [
                29,
                [ 6.4499999999999993, 0.875, 0, 1 ]
              ],
              [
                30,
                [ 6.7999999999999989, 0.875, 0, 1 ]
              ],
              [
                31,
                [ 4, 1, 0, 1 ]
              ],
              [
                32,
                [ 4.35, 1, 0, 1 ]
              ],
              [
                33,
                [ 5.0500000000000007, 1, 0, 1 ]
              ],
              [
                34,
                [ 5.75, 1, 0, 1 ]
              ],
              [
                35,
                [ 6.4499999999999993, 1, 0, 1 ]
              ],
              [
                36,
                [ 6.8, 1, 0, 1 ]
              ]
            ]
          },
          "boundary_loops": [
            {
              "loop_type": "outer",
              "trimming_curves": [
                {
                  "trim_index": 5,
                  "curve_direction": true,
                  "parameter_curve": {
                    "is_rational": false,
                    "degree": 3,
                    "knot_vector": [ -3.1415926535897931, -3.1415926535897931, -3.1415926535897931, -3.1415926535897931, -2.8793521128299, -2.8793521128299, -2.8793521128299, -2.6205474452250077, -2.6205474452250077, -2.6205474452250077, -2.4573921921938648, -2.4573921921938648, -2.4573921921938648, -2.3575179490781966, -2.3575179490781966, -2.3575179490781966, -2.1696339022797946, -2.1696339022797946, -2.1696339022797946, -1.8330368675547906, -1.8330368675547906, -1.8330368675547906, -1.5707963267948966, -1.5707963267948966, -1.5707963267948966, -1.5707963267948966 ],
                    "active_range": [ -3.1415926535897931, -1.5707963267948966 ],