{
  "tolerances": { "model_tolerance": 0.001 },
  "version_number": 1,
  "breps": [
    {
      "brep_id": 1,
      "faces": [
        {
          "brep_id": 2,
          "swapped_surface_normal": false,
          "surface": {
            "is_trimmed": true,
            "is_rational": true,
            "degrees": [ 2, 2 ],
            "knot_vectors": [
              [ 0, 0, 0, 0.39269908169872414, 0.78539816339744828, 1.1780972450961724, 1.5707963267948966, 1.5707963267948966, 1.5707963267948966 ],
              [ 0, 0, 0, 0.75, 1.5, 2.25, 3, 3, 3 ]
            ],
            "control_points": [
              [
                1,
                [ 1, 0, 0, 1 ]
              ],
              [
                2,
                [ 1, 0, 0.19074356983054622, 0.92677669529663687 ]
              ],
              [
                3,
                [ 0.85355339059327373, 0, 0.5606601717798213, 0.85355339059327373 ]
              ],
              [
                4,
                [ 0.56066017177982141, 0, 0.85355339059327373, 0.85355339059327373 ]
              ],
              [
                5,
                [ 0.1907435698305463, 0, 1, 0.92677669529663687 ]
              ],
              [
                6,
                [ 1.1102230246251565E-16, 0, 1, 1 ]
              ],
              [
                7,
                [ 1, 0.375, 0, 1 ]
              ],
              [
                8,
                [ 1, 0.375, 0.19074356983054624, 0.92677669529663687 ]
              ],
              [
                9,
                [ 0.85355339059327373, 0.37500000000000006, 0.5606601717798213, 0.85355339059327373 ]
              ],
              [
                10,
                [ 0.56066017177982141, 0.37500000000000006, 0.85355339059327373, 0.85355339059327373 ]
              ],
              [
                11,
                [ 0.1907435698305463, 0.375, 1, 0.92677669529663687 ]
              ],
              [
                12,
                [ 1.1102230246251565E-16, 0.375, 1, 1 ]
              ],
              [
                13,
                [ 1, 1.125, 0, 1 ]
              ],
              [
                14,
                [ 1, 1.1249999999999998, 0.19074356983054624, 0.92677669529663687 ]
              ],
              [
                15,
                [ 0.85355339059327373, 1.1250000000000002, 0.5606601717798213, 0.85355339059327373 ]
              ],
              [
                16,
                [ 0.56066017177982141, 1.1250000000000002, 0.85355339059327373, 0.85355339059327373 ]
              ],
              [
                17,
                [ 0.1907435698305463, 1.1249999999999998, 1, 0.92677669529663687 ]
              ],
              [
                18,
                [ 1.1102230246251565E-16, 1.125, 1, 1 ]
              ],
              [
                19,
                [ 1, 1.875, 0, 1 ]
              ],
              [
                20,
                [ 0.99999999999999989, 1.8750000000000002, 0.19074356983054624, 0.92677669529663675 ]
              ],
              [
                21,
                [ 0.85355339059327373, 1.875, 0.5606601717798213, 0.85355339059327373 ]
              ],
              [
                22,
                [ 0.56066017177982141, 1.875, 0.85355339059327373, 0.85355339059327373 ]
              ],
              [
                23,
                [ 0.1907435698305463, 1.8750000000000002, 0.99999999999999989, 0.92677669529663675 ]
              ],
              [
                24,
                [ 1.1102230246251565E-16, 1.875, 1, 1 ]
              ],
              [
                25,
                [ 1, 2.625, 0, 1 ]
              ],
              [
                26,
                [ 1, 2.6250000000000004, 0.19074356983054624, 0.92677669529663687 ]
              ],
              [
                27,
                [ 0.85355339059327373, 2.6250000000000004, 0.5606601717798213, 0.85355339059327373 ]
              ],
              [
                28,
                [ 0.56066017177982141, 2.6250000000000004, 0.85355339059327373, 0.85355339059327373 ]
              ],
              [
                29,
                [ 0.1907435698305463, 2.6250000000000004, 1, 0.92677669529663687 ]
              ],
              [
                30,
                [ 1.1102230246251565E-16, 2.625, 1, 1 ]
              ],
              [
                31,
                [ 1, 3, 0, 1 ]
              ],
              [
                32,
                [ 1, 3, 0.19074356983054622, 0.92677669529663687 ]
              ],
              [
                33,
                [ 0.85355339059327373, 3.0000000000000004, 0.5606601717798213, 0.85355339059327373 ]
              ],
              [
                34,
                [ 0.56066017177982141, 3.0000000000000004, 0.85355339059327373, 0.85355339059327373 ]
              ],
              [
                35,
                [ 0.1907435698305463, 3, 1, 0.92677669529663687 ]
              ],
              [
                36,
                [ 1.1102230246251565E-16, 3, 1, 1 ]
              ]
            ]
          },
          "boundary_loops": [
            {
              "loop_type": "outer",
              "trimming_curves": [
                {
                  "trim_index": 0,
                  "curve_direction": true,
                  "parameter_curve": {
                    "is_rational": false,
                    "degree": 1,
                    "knot_vector": [ 0, 0, 1.5707963267948966, 1.5707963267948966 ],
                    "active_range": [ 0, 1.5707963267948966 ],
                    "control_points": [
                      [
                        37,
                        [ 0, 0, 0, 1 ]
                      ],
                      [
                        38,
                        [ 1.5707963267948966, 0, 0, 1 ]
                      ]
                    ]
                  }
                },
                {
                  "trim_index": 1,
                  "curve_direction": true,
                  "parameter_curve": {
                    "is_rational": false,
                    "degree": 1,
                    "knot_vector": [ 0, 0, 3, 3 ],
                    "active_range": [ 0, 3 ],
                    "control_points": [
                      [
                        39,
                        [ 1.5707963267948966, 0, 0, 1 ]
                      ],
                      [
                        40,
                        [ 1.5707963267948966, 3, 0, 1 ]
                      ]
                    ]
                  }
                },
                {
                  "trim_index": 2,
                  "curve_direction": true,
                  "parameter_curve": {
                    "is_rational": false,
                    "degree": 1,
                    "knot_vector": [ 0, 0, 1.5707963267948966, 1.5707963267948966 ],
                    "active_range": [ 0, 1.5707963267948966 ],
                    "control_points": [
                      [
                        41,
                        [ 1.5707963267948966, 3, 0, 1 ]
                      ],
                      [
                        42,
                        [ 0, 3, 0, 1 ]
                      ]
                    ]
                  }
                },
                {
                  "trim_index": 3,
                  "curve_direction": true,
                  "parameter_curve": {
                    "is_rational": false,
                    "degree": 1,
                    "knot_vector": [ 0, 0, 3, 3 ],
                    "active_range": [ 0, 3 ],