{
  "tolerances": { "model_tolerance": 0.001 },
  "version_number": 1,
  "breps": [
    {
      "brep_id": 1,
      "faces": [
        {
          "brep_id": 2,
          "swapped_surface_normal": false,
          "surface": {
            "is_trimmed": true,
            "is_rational": false,
            "degrees": [ 1, 1 ],
            "knot_vectors": [
              [ 0, 0, 1, 1 ],
              [ 0, 0, 0.0076456923809784276, 0.014756931506821825, 0.023062044272499058, 0.030874911227064181, 0.048278238213657482, 0.065948576897925243, 0.091005326418043847, 0.12630632852566542, 0.25490083119370172, 0.38370118607895271, 0.508855188419844, 0.74938924253621442, 0.86502032922176086, 0.93685382522142779, 1, 1 ]
            ],
            "control_points": [
              [
                1,
                [ 0, 0, 0, 1 ]
              ],
              [
                2,
                [ 0.690655992, 1.1963000000000001, 0, 1 ]
              ],
              [
                3,
                [ 0.0014799546702775426, 0, 0.0060268423775891007, 1 ]
              ],
              [
                4,
                [ 0.69148849001179424, 1.1963, 0.0033901953697237155, 1 ]
              ],
              [
                5,
                [ 0.0048153331389018247, 0, 0.010775527754252754, 1 ]
              ],
              [
                6,
                [ 0.69336469399048384, 1.1963000000000001, 0.0060614067408319289, 1 ]
              ],
              [
                7,
                [ 0.0100317625303488, 0, 0.015113606754691982, 1 ]
              ],
              [
                8,
                [ 0.69629901900638747, 1.1963000000000001, 0.0085016456501687647, 1 ]
              ],
              [
                9,
                [ 0.015683539383275529, 0, 0.018096081634647269, 1 ]
              ],
              [
                10,
                [ 0.69947823399204456, 1.1963000000000001, 0.010179335399756783, 1 ]
              ],
              [
                11,
                [ 0.029355794001042566, 0, 0.022026616999063265, 1 ]
              ],
              [
                12,
                [ 0.70716909603476652, 1.1963000000000001, 0.012390324503147429, 1 ]
              ],
              [
                13,
                [ 0.043619176296990553, 0, 0.024441173999540551, 1 ]
              ],
              [
                14,
                [ 0.71519247685218967, 1.1963000000000001, 0.013748551373315675, 1 ]
              ],
              [
                15,
                [ 0.0639373659079467, 0, 0.027269399500235093, 1 ]
              ],
              [
                16,
                [ 0.72662178369746078, 1.1963, 0.015339473584791201, 1 ]
              ],
              [
                17,
                [ 0.092662059595696192, 0, 0.030456814595095878, 1 ]
              ],
              [
                18,
                [ 0.74277988360875424, 1.1963, 0.017132445559190565, 1 ]
              ],
              [
                19,
                [ 0.19771225010608698, 0, 0.037261431083613475, 1 ]
              ],
              [
                20,
                [ 0.801872296973766, 1.1963000000000004, 0.020960151198664248, 1 ]
              ],
              [
                21,
                [ 0.30313493061094987, 0, 0.0394323645987628, 1 ]
              ],
              [
                22,
                [ 0.86117424202419834, 1.1963000000000004, 0.022181335995799502, 1 ]
              ],
              [
                23,
                [ 0.40557029873063277, 0, 0.037224762979936196, 1 ]
              ],
              [
                24,
                [ 0.91879577599895967, 1.1963, 0.020939524599324043, 1 ]
              ],
              [
                25,
                [ 0.60197973980105512, 0, 0.023158745238399558, 1 ]
              ],
              [
                26,
                [ 1.0292792298858764, 1.1963000000000004, 0.013027164797049622, 1 ]
              ],
              [
                27,
                [ 0.69618187298222056, 0, 0.013774039797655291, 1 ]
              ],
              [
                28,
                [ 1.0822694377107933, 1.1963000000000001, 0.0077481169649404619, 1 ]
              ],
              [
                29,
                [ 0.75459205401143059, 0, 0.0069167979299811205, 1 ]
              ],
              [
                30,
                [ 1.1151260996183128, 1.1963000000000004, 0.0038908095946270449, 1 ]
              ],
              [
                31,
                [ 0.80590000000000017, 0, 0.00056832068000000019, 1 ]
              ],
              [
                32,
                [ 1.1439876400000002, 1.1963000000000001, 0.00031968947500000006, 1 ]
              ]
            ]
          },
          "boundary_loops": [
            {
              "loop_type": "outer",
              "trimming_curves": [
                {
                  "trim_index": 0,
                  "curve_direction": true,
                  "parameter_curve": {
                    "is_rational": false,
                    "degree": 1,
                    "knot_vector": [ 0, 0, 1335.791625, 1335.791625 ],
                    "active_range": [ 0, 1335.791625 ],
                    "control_points": [
                      [
                        33,
                        [ 0, 0, 0, 1 ]
                      ],
                      [
                        34,
                        [ 1, 0, 0, 1 ]
                      ]
                    ]
                  }
                },
                {
                  "trim_index": 1,
                  "curve_direction": true,
                  "parameter_curve": {
                    "is_rational": false,
                    "degree": 1,
                    "knot_vector": [ 0, 0, 818.7227822, 818.7227822 ],
                    "active_range": [ 0, 818.7227822 ],
                    "control_points": [
                      [
                        35,
                        [ 1, 0, 0, 1 ]
                      ],
                      [
                        36,
                        [ 1, 1.0000000000000002, 0, 1 ]
                      ]
                    ]
                  }
                },
                {
                  "trim_index": 2,
                  "curve_direction": true,
                  "parameter_curve": {
                    "is_rational": false,
                    "degree": 1,
                    "knot_vector": [ 0, 0, 1335.791625, 1335.791625 ],
                    "active_range": [ 0, 1335.791625 ],
                    "control_points": [
                      [
                        37,
                        [ 1, 1.0000000000000002, 0, 1 ]
                      ],
                      [
                        38,
                        [ 0, 1.0000000000000002, 0, 1 ]
                      ]
                    ]
                  }
                },
                {
                  "trim_index": 3,
                  "curve_direction": true,
                  "parameter_curve": {
                    "is_rational": false,
                    "degree": 1,
                    "knot_vector": [ 0, 0, 818.7227822, 818.7227822 ],
                    "active_range": [ 0, 818.7227822 ],
                    "control_points": [
                      [
                        39,
                        [ 0, 1.0000000000000002, 0, 1 ]
                      ],
                      [
                        40,
                        [ 0, 0, 0, 1 ]
                      ]
                    ]
                  }
                }
              ]
            }
          ],
          "embedded_loops": [],